776047196254907;Revolico Contramaestre;136700
1127987064693020;ğŸŒŸğ•ğ•–ğ•Ÿğ•¥ğ•’ ğ•–ğ•Ÿ â„‚ğ• ğ•Ÿğ•¥ğ•£ğ•’ğ•ğ•’ğ•–ğ•¤ğ•¥ğ•£ğ•–ğŸŒŸ;47800
377631256794691;Revolico Compra y Ventas Contramaestre;43500
399901881073497;Revolico Contramaestre;41600
689301778380945;compra venta contramaestre;33400
609311273555222;Revolico contramaestre;29290
1149249845636030;Revolico Contramaestre;28300
730957724659231;Revolico Contramaestre â¤ï¸;25100
871677283384846;Contramaestre en venta;21300
726478015385599;REVOLICO PALMA SORIANO;16353
217465267201147;Revolico Contramaestre;15432
1455258831675350;Revolico Contramaestre;14900
1568727730143170;Celulares Contramaestre (Tito Acosta);14416
798082597572175;REVOLICO SANTIAGO DE CUBA Â°á¶œáµ’áµáµ–Ê³áµƒ Ê¸ áµ›áµ‰â¿áµˆáµ‰Â°;14294
262107781926673;El negocio.. Contramaestre;14000
5218192744916830;rebolico contramaestre;14000
518971188845431;Revolico En Contramaestre(Santiago De Cuba) CompraVentas Rich Cuban;13700
988550745147196;Revolico Contramaestre â¤ï¸;13400
484569060058855;TODO SE VENDE - TODO SE COMPRA EN CONTRAMAESTRE.;13300
324672542425267;Revolico palma soriano . Se vende de todo;13118
1738495883167370;Rebolico contramaestre;12600
919097092116709;Compra y venta Contramaestre a precio de GALLINAğŸ” ENFERMA â€¦;12100
642146860229364;Compra y Venta . Contramaestre;12000
2366050010191880;â¤ï¸VENTAS CONTRAMAESTREâ¤ï¸;11900
915144436199338;"Revolico Santiago de Cuba compra y ventas";11611